date,employee_id,employee_name,total_sales,covered_sales,channel_a,channel_b,channel_c,push_sales,total_customers,special_customers
2026-07-01,E01,Alex Morgan,4380,620,840,210,130,360,57,12
2026-07-01,E02,Jordan Lee,3920,510,760,180,120,295,51,10
2026-07-01,E03,Taylor Reed,3150,420,590,150,95,220,43,8
2026-07-02,E01,Alex Morgan,4520,640,880,220,140,375,59,13
2026-07-02,E02,Jordan Lee,4010,530,770,190,130,305,52,11
2026-07-02,E03,Taylor Reed,3290,450,610,160,100,230,45,9
2026-07-03,E01,Alex Morgan,4710,650,900,230,145,390,62,14
2026-07-03,E02,Jordan Lee,4160,540,790,200,135,320,54,11
2026-07-03,E03,Taylor Reed,3410,460,625,165,105,245,46,9
2026-07-04,E01,Alex Morgan,4280,590,810,210,125,340,56,12
2026-07-04,E02,Jordan Lee,3870,500,735,185,115,285,50,10
2026-07-04,E03,Taylor Reed,3020,400,560,145,90,210,41,8
2026-07-05,E01,Alex Morgan,4860,680,930,240,150,405,64,14
2026-07-05,E02,Jordan Lee,4310,560,820,205,140,330,56,12
2026-07-05,E03,Taylor Reed,3560,470,650,170,110,255,48,9
2026-07-06,E01,Alex Morgan,4990,700,960,245,155,420,65,15
2026-07-06,E02,Jordan Lee,4440,575,840,215,145,345,58,12
2026-07-06,E03,Taylor Reed,3670,490,675,175,115,265,49,10
2026-07-07,E01,Alex Morgan,4620,655,885,225,145,385,60,13
2026-07-07,E02,Jordan Lee,4080,535,775,195,130,310,53,11
2026-07-07,E03,Taylor Reed,3340,445,615,160,100,240,45,9
2026-07-08,E01,Alex Morgan,5120,720,985,255,160,435,67,15
2026-07-08,E02,Jordan Lee,4580,590,865,220,150,360,59,13
2026-07-08,E03,Taylor Reed,3790,505,695,180,120,275,51,10
2026-07-09,E01,Alex Morgan,5240,735,1010,260,165,450,68,15
2026-07-09,E02,Jordan Lee,4690,605,885,225,155,370,61,13
2026-07-09,E03,Taylor Reed,3860,515,710,185,120,280,52,10
2026-07-10,E01,Alex Morgan,4970,690,955,245,155,415,65,14
2026-07-10,E02,Jordan Lee,4420,570,835,210,145,345,57,12
2026-07-10,E03,Taylor Reed,3620,480,665,170,110,260,49,9
